filename,folder,class_id,class_name,split
cast_def_0_0.jpeg,def_front,0,defective,train
cast_def_0_1015.jpeg,def_front,0,defective,train
cast_def_0_102.jpeg,def_front,0,defective,train
cast_def_0_1046.jpeg,def_front,0,defective,train
cast_def_0_1055.jpeg,def_front,0,defective,train
cast_def_0_1077.jpeg,def_front,0,defective,train
cast_def_0_1091.jpeg,def_front,0,defective,train
cast_def_0_1104.jpeg,def_front,0,defective,train
cast_def_0_1108.jpeg,def_front,0,defective,train
cast_def_0_1112.jpeg,def_front,0,defective,train
cast_def_0_1123.jpeg,def_front,0,defective,train
cast_def_0_1137.jpeg,def_front,0,defective,train
cast_def_0_1139.jpeg,def_front,0,defective,train
cast_def_0_114.jpeg,def_front,0,defective,train
cast_def_0_1145.jpeg,def_front,0,defective,train
cast_def_0_1147.jpeg,def_front,0,defective,train
cast_def_0_1157.jpeg,def_front,0,defective,train
cast_def_0_1159.jpeg,def_front,0,defective,train
cast_def_0_1187.jpeg,def_front,0,defective,train
cast_def_0_1188.jpeg,def_front,0,defective,train
cast_def_0_1192.jpeg,def_front,0,defective,train
cast_def_0_122.jpeg,def_front,0,defective,train
cast_def_0_1225.jpeg,def_front,0,defective,train
cast_def_0_1230.jpeg,def_front,0,defective,train
cast_def_0_1257.jpeg,def_front,0,defective,train
cast_def_0_1261.jpeg,def_front,0,defective,train
cast_def_0_127.jpeg,def_front,0,defective,train
cast_def_0_1283.jpeg,def_front,0,defective,train
cast_def_0_1286.jpeg,def_front,0,defective,train
cast_def_0_1350.jpeg,def_front,0,defective,train
cast_def_0_138.jpeg,def_front,0,defective,train
cast_def_0_1381.jpeg,def_front,0,defective,train
cast_def_0_1411.jpeg,def_front,0,defective,train
cast_def_0_1427.jpeg,def_front,0,defective,train
cast_def_0_1432.jpeg,def_front,0,defective,train
cast_def_0_1443.jpeg,def_front,0,defective,train
cast_def_0_1446.jpeg,def_front,0,defective,train
cast_def_0_1493.jpeg,def_front,0,defective,train
cast_def_0_150.jpeg,def_front,0,defective,train
cast_def_0_1532.jpeg,def_front,0,defective,train
cast_def_0_1533.jpeg,def_front,0,defective,train
cast_def_0_1534.jpeg,def_front,0,defective,train
cast_def_0_1547.jpeg,def_front,0,defective,train
cast_def_0_1567.jpeg,def_front,0,defective,train
cast_def_0_1589.jpeg,def_front,0,defective,train
cast_def_0_159.jpeg,def_front,0,defective,train
cast_def_0_1596.jpeg,def_front,0,defective,train
cast_def_0_1609.jpeg,def_front,0,defective,train
cast_def_0_1616.jpeg,def_front,0,defective,train
cast_def_0_1658.jpeg,def_front,0,defective,train
cast_def_0_1662.jpeg,def_front,0,defective,train
cast_def_0_1679.jpeg,def_front,0,defective,train
cast_def_0_1689.jpeg,def_front,0,defective,train
cast_def_0_169.jpeg,def_front,0,defective,train
cast_def_0_1694.jpeg,def_front,0,defective,train
cast_def_0_1705.jpeg,def_front,0,defective,train
cast_def_0_1715.jpeg,def_front,0,defective,train
cast_def_0_1721.jpeg,def_front,0,defective,train
cast_def_0_1729.jpeg,def_front,0,defective,train
cast_def_0_1750.jpeg,def_front,0,defective,train
cast_def_0_177.jpeg,def_front,0,defective,train
cast_def_0_1772.jpeg,def_front,0,defective,train
cast_def_0_1777.jpeg,def_front,0,defective,train
cast_def_0_180.jpeg,def_front,0,defective,train
cast_def_0_1800.jpeg,def_front,0,defective,train
cast_def_0_1815.jpeg,def_front,0,defective,train
cast_def_0_1828.jpeg,def_front,0,defective,train
cast_def_0_1849.jpeg,def_front,0,defective,train
cast_def_0_1860.jpeg,def_front,0,defective,train
cast_def_0_1877.jpeg,def_front,0,defective,train
cast_def_0_188.jpeg,def_front,0,defective,train
cast_def_0_1885.jpeg,def_front,0,defective,train
cast_def_0_1898.jpeg,def_front,0,defective,train
cast_def_0_1949.jpeg,def_front,0,defective,train
cast_def_0_1958.jpeg,def_front,0,defective,train
cast_def_0_1969.jpeg,def_front,0,defective,train
cast_def_0_1998.jpeg,def_front,0,defective,train
cast_def_0_2.jpeg,def_front,0,defective,train
cast_def_0_2003.jpeg,def_front,0,defective,train
cast_def_0_2014.jpeg,def_front,0,defective,train
cast_def_0_2020.jpeg,def_front,0,defective,train
cast_def_0_2057.jpeg,def_front,0,defective,train
cast_def_0_2060.jpeg,def_front,0,defective,train
cast_def_0_2084.jpeg,def_front,0,defective,train
cast_def_0_2090.jpeg,def_front,0,defective,train
cast_def_0_2096.jpeg,def_front,0,defective,train
cast_def_0_2102.jpeg,def_front,0,defective,train
cast_def_0_2141.jpeg,def_front,0,defective,train
cast_def_0_2148.jpeg,def_front,0,defective,train
cast_def_0_2161.jpeg,def_front,0,defective,train
cast_def_0_219.jpeg,def_front,0,defective,train
cast_def_0_22.jpeg,def_front,0,defective,train
cast_def_0_2201.jpeg,def_front,0,defective,train
cast_def_0_221.jpeg,def_front,0,defective,train
cast_def_0_2220.jpeg,def_front,0,defective,train
cast_def_0_223.jpeg,def_front,0,defective,train
cast_def_0_2234.jpeg,def_front,0,defective,train
cast_def_0_2251.jpeg,def_front,0,defective,train
cast_def_0_2259.jpeg,def_front,0,defective,train
cast_def_0_2263.jpeg,def_front,0,defective,train
cast_def_0_2280.jpeg,def_front,0,defective,train
cast_def_0_2284.jpeg,def_front,0,defective,train
cast_def_0_2299.jpeg,def_front,0,defective,train
cast_def_0_2304.jpeg,def_front,0,defective,train
cast_def_0_2305.jpeg,def_front,0,defective,train
cast_def_0_231.jpeg,def_front,0,defective,train
cast_def_0_2310.jpeg,def_front,0,defective,train
cast_def_0_2320.jpeg,def_front,0,defective,train
cast_def_0_2330.jpeg,def_front,0,defective,train
cast_def_0_238.jpeg,def_front,0,defective,train
cast_def_0_2388.jpeg,def_front,0,defective,train
cast_def_0_240.jpeg,def_front,0,defective,train
cast_def_0_2422.jpeg,def_front,0,defective,train
cast_def_0_2426.jpeg,def_front,0,defective,train
cast_def_0_2437.jpeg,def_front,0,defective,train
cast_def_0_2450.jpeg,def_front,0,defective,train
cast_def_0_2474.jpeg,def_front,0,defective,train
cast_def_0_2480.jpeg,def_front,0,defective,train
cast_def_0_2485.jpeg,def_front,0,defective,train
cast_def_0_25.jpeg,def_front,0,defective,train
cast_def_0_2515.jpeg,def_front,0,defective,train
cast_def_0_2576.jpeg,def_front,0,defective,train
cast_def_0_2582.jpeg,def_front,0,defective,train
cast_def_0_2592.jpeg,def_front,0,defective,train
cast_def_0_2614.jpeg,def_front,0,defective,train
cast_def_0_2624.jpeg,def_front,0,defective,train
cast_def_0_2639.jpeg,def_front,0,defective,train
cast_def_0_2640.jpeg,def_front,0,defective,train
cast_def_0_2649.jpeg,def_front,0,defective,train
cast_def_0_2654.jpeg,def_front,0,defective,train
cast_def_0_2663.jpeg,def_front,0,defective,train
cast_def_0_2683.jpeg,def_front,0,defective,train
cast_def_0_2690.jpeg,def_front,0,defective,train
cast_def_0_2691.jpeg,def_front,0,defective,train
cast_def_0_2700.jpeg,def_front,0,defective,train
cast_def_0_2701.jpeg,def_front,0,defective,train
cast_def_0_2708.jpeg,def_front,0,defective,train
cast_def_0_2733.jpeg,def_front,0,defective,train
cast_def_0_2745.jpeg,def_front,0,defective,train
cast_def_0_2753.jpeg,def_front,0,defective,train
cast_def_0_2798.jpeg,def_front,0,defective,train
cast_def_0_2808.jpeg,def_front,0,defective,train
cast_def_0_2820.jpeg,def_front,0,defective,train
cast_def_0_2832.jpeg,def_front,0,defective,train
cast_def_0_2834.jpeg,def_front,0,defective,train
cast_def_0_2837.jpeg,def_front,0,defective,train
cast_def_0_2855.jpeg,def_front,0,defective,train
cast_def_0_2887.jpeg,def_front,0,defective,train
cast_def_0_2900.jpeg,def_front,0,defective,train
cast_def_0_2917.jpeg,def_front,0,defective,train
cast_def_0_2950.jpeg,def_front,0,defective,train
cast_def_0_2966.jpeg,def_front,0,defective,train
cast_def_0_2973.jpeg,def_front,0,defective,train
cast_def_0_2994.jpeg,def_front,0,defective,train
cast_def_0_3010.jpeg,def_front,0,defective,train
cast_def_0_3016.jpeg,def_front,0,defective,train
cast_def_0_3050.jpeg,def_front,0,defective,train
cast_def_0_3056.jpeg,def_front,0,defective,train
cast_def_0_3070.jpeg,def_front,0,defective,train
cast_def_0_3074.jpeg,def_front,0,defective,train
cast_def_0_3098.jpeg,def_front,0,defective,train
cast_def_0_3104.jpeg,def_front,0,defective,train
cast_def_0_3105.jpeg,def_front,0,defective,train
cast_def_0_311.jpeg,def_front,0,defective,train
cast_def_0_3114.jpeg,def_front,0,defective,train
cast_def_0_3136.jpeg,def_front,0,defective,train
cast_def_0_3148.jpeg,def_front,0,defective,train
cast_def_0_3179.jpeg,def_front,0,defective,train
cast_def_0_318.jpeg,def_front,0,defective,train
cast_def_0_3185.jpeg,def_front,0,defective,train
cast_def_0_3199.jpeg,def_front,0,defective,train
cast_def_0_3220.jpeg,def_front,0,defective,train
cast_def_0_3223.jpeg,def_front,0,defective,train
cast_def_0_324.jpeg,def_front,0,defective,train
cast_def_0_3246.jpeg,def_front,0,defective,train
cast_def_0_3252.jpeg,def_front,0,defective,train
cast_def_0_3265.jpeg,def_front,0,defective,train
cast_def_0_3279.jpeg,def_front,0,defective,train
cast_def_0_3285.jpeg,def_front,0,defective,train
cast_def_0_3311.jpeg,def_front,0,defective,train
cast_def_0_333.jpeg,def_front,0,defective,train
cast_def_0_3334.jpeg,def_front,0,defective,train
cast_def_0_3341.jpeg,def_front,0,defective,train
cast_def_0_3344.jpeg,def_front,0,defective,train
cast_def_0_335.jpeg,def_front,0,defective,train
cast_def_0_3354.jpeg,def_front,0,defective,train
cast_def_0_3362.jpeg,def_front,0,defective,train
cast_def_0_3394.jpeg,def_front,0,defective,train
cast_def_0_3396.jpeg,def_front,0,defective,train
cast_def_0_3403.jpeg,def_front,0,defective,train
cast_def_0_3431.jpeg,def_front,0,defective,train
cast_def_0_3454.jpeg,def_front,0,defective,train
cast_def_0_3457.jpeg,def_front,0,defective,train
cast_def_0_3487.jpeg,def_front,0,defective,train
cast_def_0_3495.jpeg,def_front,0,defective,train
cast_def_0_3513.jpeg,def_front,0,defective,train
cast_def_0_3536.jpeg,def_front,0,defective,train
cast_def_0_354.jpeg,def_front,0,defective,train
cast_def_0_356.jpeg,def_front,0,defective,train
cast_def_0_3569.jpeg,def_front,0,defective,train
cast_def_0_3617.jpeg,def_front,0,defective,train
cast_def_0_3618.jpeg,def_front,0,defective,train
cast_def_0_3626.jpeg,def_front,0,defective,train
cast_def_0_3631.jpeg,def_front,0,defective,train
cast_def_0_3646.jpeg,def_front,0,defective,train
cast_def_0_3680.jpeg,def_front,0,defective,train
cast_def_0_3685.jpeg,def_front,0,defective,train
cast_def_0_3691.jpeg,def_front,0,defective,train
cast_def_0_3703.jpeg,def_front,0,defective,train
cast_def_0_3704.jpeg,def_front,0,defective,train
cast_def_0_3710.jpeg,def_front,0,defective,train
cast_def_0_3735.jpeg,def_front,0,defective,train
cast_def_0_3741.jpeg,def_front,0,defective,train
cast_def_0_3751.jpeg,def_front,0,defective,train
cast_def_0_3756.jpeg,def_front,0,defective,train
cast_def_0_3793.jpeg,def_front,0,defective,train
cast_def_0_3796.jpeg,def_front,0,defective,train
cast_def_0_3797.jpeg,def_front,0,defective,train
cast_def_0_380.jpeg,def_front,0,defective,train
cast_def_0_3812.jpeg,def_front,0,defective,train
cast_def_0_3818.jpeg,def_front,0,defective,train
cast_def_0_3831.jpeg,def_front,0,defective,train
cast_def_0_3855.jpeg,def_front,0,defective,train
cast_def_0_3856.jpeg,def_front,0,defective,train
cast_def_0_3867.jpeg,def_front,0,defective,train
cast_def_0_3882.jpeg,def_front,0,defective,train
cast_def_0_3894.jpeg,def_front,0,defective,train
cast_def_0_3945.jpeg,def_front,0,defective,train
cast_def_0_3949.jpeg,def_front,0,defective,train
cast_def_0_3963.jpeg,def_front,0,defective,train
cast_def_0_3970.jpeg,def_front,0,defective,train
cast_def_0_3978.jpeg,def_front,0,defective,train
cast_def_0_3989.jpeg,def_front,0,defective,train
cast_def_0_3993.jpeg,def_front,0,defective,train
cast_def_0_4017.jpeg,def_front,0,defective,train
cast_def_0_4023.jpeg,def_front,0,defective,train
cast_def_0_4026.jpeg,def_front,0,defective,train
cast_def_0_4030.jpeg,def_front,0,defective,train
cast_def_0_4032.jpeg,def_front,0,defective,train
cast_def_0_4034.jpeg,def_front,0,defective,train
cast_def_0_4090.jpeg,def_front,0,defective,train
cast_def_0_4093.jpeg,def_front,0,defective,train
cast_def_0_4106.jpeg,def_front,0,defective,train
cast_def_0_4108.jpeg,def_front,0,defective,train
cast_def_0_4109.jpeg,def_front,0,defective,train
cast_def_0_4119.jpeg,def_front,0,defective,train
cast_def_0_4125.jpeg,def_front,0,defective,train
cast_def_0_4129.jpeg,def_front,0,defective,train
cast_def_0_4158.jpeg,def_front,0,defective,train
cast_def_0_4171.jpeg,def_front,0,defective,train
cast_def_0_42.jpeg,def_front,0,defective,train
cast_def_0_421.jpeg,def_front,0,defective,train
cast_def_0_4229.jpeg,def_front,0,defective,train
cast_def_0_4239.jpeg,def_front,0,defective,train
cast_def_0_4264.jpeg,def_front,0,defective,train
cast_def_0_430.jpeg,def_front,0,defective,train
cast_def_0_4336.jpeg,def_front,0,defective,train
cast_def_0_4355.jpeg,def_front,0,defective,train
cast_def_0_4360.jpeg,def_front,0,defective,train
cast_def_0_4363.jpeg,def_front,0,defective,train
cast_def_0_4379.jpeg,def_front,0,defective,train
cast_def_0_4407.jpeg,def_front,0,defective,train
cast_def_0_4412.jpeg,def_front,0,defective,train
cast_def_0_4459.jpeg,def_front,0,defective,train
cast_def_0_4484.jpeg,def_front,0,defective,train
cast_def_0_4501.jpeg,def_front,0,defective,train
cast_def_0_4526.jpeg,def_front,0,defective,train
cast_def_0_4568.jpeg,def_front,0,defective,train
cast_def_0_4574.jpeg,def_front,0,defective,train
cast_def_0_4577.jpeg,def_front,0,defective,train
cast_def_0_4583.jpeg,def_front,0,defective,train
cast_def_0_4590.jpeg,def_front,0,defective,train
cast_def_0_4596.jpeg,def_front,0,defective,train
cast_def_0_4604.jpeg,def_front,0,defective,train
cast_def_0_4611.jpeg,def_front,0,defective,train
cast_def_0_4615.jpeg,def_front,0,defective,train
cast_def_0_4651.jpeg,def_front,0,defective,train
cast_def_0_4653.jpeg,def_front,0,defective,train
cast_def_0_466.jpeg,def_front,0,defective,train
cast_def_0_4677.jpeg,def_front,0,defective,train
cast_def_0_4683.jpeg,def_front,0,defective,train
cast_def_0_469.jpeg,def_front,0,defective,train
cast_def_0_4693.jpeg,def_front,0,defective,train
cast_def_0_4697.jpeg,def_front,0,defective,train
cast_def_0_4705.jpeg,def_front,0,defective,train
cast_def_0_4708.jpeg,def_front,0,defective,train
cast_def_0_4748.jpeg,def_front,0,defective,train
cast_def_0_4780.jpeg,def_front,0,defective,train
cast_def_0_4790.jpeg,def_front,0,defective,train
cast_def_0_4801.jpeg,def_front,0,defective,train
cast_def_0_4815.jpeg,def_front,0,defective,train
cast_def_0_4816.jpeg,def_front,0,defective,train
cast_def_0_490.jpeg,def_front,0,defective,train
cast_def_0_4903.jpeg,def_front,0,defective,train
cast_def_0_4908.jpeg,def_front,0,defective,train
cast_def_0_4927.jpeg,def_front,0,defective,train
cast_def_0_4932.jpeg,def_front,0,defective,train
cast_def_0_4933.jpeg,def_front,0,defective,train
cast_def_0_494.jpeg,def_front,0,defective,train
cast_def_0_4970.jpeg,def_front,0,defective,train
cast_def_0_4971.jpeg,def_front,0,defective,train
cast_def_0_4995.jpeg,def_front,0,defective,train
cast_def_0_5004.jpeg,def_front,0,defective,train
cast_def_0_5006.jpeg,def_front,0,defective,train
cast_def_0_5008.jpeg,def_front,0,defective,train
cast_def_0_5029.jpeg,def_front,0,defective,train
cast_def_0_503.jpeg,def_front,0,defective,train
cast_def_0_5034.jpeg,def_front,0,defective,train
cast_def_0_5093.jpeg,def_front,0,defective,train
cast_def_0_5094.jpeg,def_front,0,defective,train
cast_def_0_5113.jpeg,def_front,0,defective,train
cast_def_0_5119.jpeg,def_front,0,defective,train
cast_def_0_5128.jpeg,def_front,0,defective,train
cast_def_0_514.jpeg,def_front,0,defective,train
cast_def_0_5142.jpeg,def_front,0,defective,train
cast_def_0_5146.jpeg,def_front,0,defective,train
cast_def_0_5147.jpeg,def_front,0,defective,train
cast_def_0_5167.jpeg,def_front,0,defective,train
cast_def_0_5187.jpeg,def_front,0,defective,train
cast_def_0_5190.jpeg,def_front,0,defective,train
cast_def_0_5205.jpeg,def_front,0,defective,train
cast_def_0_5214.jpeg,def_front,0,defective,train
cast_def_0_5218.jpeg,def_front,0,defective,train
cast_def_0_5221.jpeg,def_front,0,defective,train
cast_def_0_5224.jpeg,def_front,0,defective,train
cast_def_0_5239.jpeg,def_front,0,defective,train
cast_def_0_5240.jpeg,def_front,0,defective,train
cast_def_0_5244.jpeg,def_front,0,defective,train
cast_def_0_5267.jpeg,def_front,0,defective,train
cast_def_0_5273.jpeg,def_front,0,defective,train
cast_def_0_5302.jpeg,def_front,0,defective,train
cast_def_0_5311.jpeg,def_front,0,defective,train
cast_def_0_5317.jpeg,def_front,0,defective,train
cast_def_0_5322.jpeg,def_front,0,defective,train
cast_def_0_5332.jpeg,def_front,0,defective,train
cast_def_0_5334.jpeg,def_front,0,defective,train
cast_def_0_5336.jpeg,def_front,0,defective,train
cast_def_0_5339.jpeg,def_front,0,defective,train
cast_def_0_5360.jpeg,def_front,0,defective,train
cast_def_0_5362.jpeg,def_front,0,defective,train
cast_def_0_5363.jpeg,def_front,0,defective,train
cast_def_0_5369.jpeg,def_front,0,defective,train
cast_def_0_5374.jpeg,def_front,0,defective,train
cast_def_0_5421.jpeg,def_front,0,defective,train
cast_def_0_543.jpeg,def_front,0,defective,train
cast_def_0_5430.jpeg,def_front,0,defective,train
cast_def_0_5435.jpeg,def_front,0,defective,train
cast_def_0_5470.jpeg,def_front,0,defective,train
cast_def_0_5524.jpeg,def_front,0,defective,train
cast_def_0_5530.jpeg,def_front,0,defective,train
cast_def_0_5532.jpeg,def_front,0,defective,train
cast_def_0_5545.jpeg,def_front,0,defective,train
cast_def_0_556.jpeg,def_front,0,defective,train
cast_def_0_5569.jpeg,def_front,0,defective,train
cast_def_0_5571.jpeg,def_front,0,defective,train
cast_def_0_5572.jpeg,def_front,0,defective,train
cast_def_0_5573.jpeg,def_front,0,defective,train
cast_def_0_5628.jpeg,def_front,0,defective,train
cast_def_0_5640.jpeg,def_front,0,defective,train
cast_def_0_565.jpeg,def_front,0,defective,train
cast_def_0_5696.jpeg,def_front,0,defective,train
cast_def_0_5700.jpeg,def_front,0,defective,train
cast_def_0_5707.jpeg,def_front,0,defective,train
cast_def_0_571.jpeg,def_front,0,defective,train
cast_def_0_5712.jpeg,def_front,0,defective,train
cast_def_0_572.jpeg,def_front,0,defective,train
cast_def_0_5759.jpeg,def_front,0,defective,train
cast_def_0_5768.jpeg,def_front,0,defective,train
cast_def_0_5805.jpeg,def_front,0,defective,train
cast_def_0_5809.jpeg,def_front,0,defective,train
cast_def_0_583.jpeg,def_front,0,defective,train
cast_def_0_5842.jpeg,def_front,0,defective,train
cast_def_0_5851.jpeg,def_front,0,defective,train
cast_def_0_5863.jpeg,def_front,0,defective,train
cast_def_0_5867.jpeg,def_front,0,defective,train
cast_def_0_5892.jpeg,def_front,0,defective,train
cast_def_0_5919.jpeg,def_front,0,defective,train
cast_def_0_5932.jpeg,def_front,0,defective,train
cast_def_0_5954.jpeg,def_front,0,defective,train
cast_def_0_5971.jpeg,def_front,0,defective,train
cast_def_0_5978.jpeg,def_front,0,defective,train
cast_def_0_5992.jpeg,def_front,0,defective,train
cast_def_0_6010.jpeg,def_front,0,defective,train
cast_def_0_6011.jpeg,def_front,0,defective,train
cast_def_0_602.jpeg,def_front,0,defective,train
cast_def_0_6023.jpeg,def_front,0,defective,train
cast_def_0_6035.jpeg,def_front,0,defective,train
cast_def_0_604.jpeg,def_front,0,defective,train
cast_def_0_6044.jpeg,def_front,0,defective,train
cast_def_0_6112.jpeg,def_front,0,defective,train
cast_def_0_6123.jpeg,def_front,0,defective,train
cast_def_0_6154.jpeg,def_front,0,defective,train
cast_def_0_6173.jpeg,def_front,0,defective,train
cast_def_0_6184.jpeg,def_front,0,defective,train
cast_def_0_6193.jpeg,def_front,0,defective,train
cast_def_0_6232.jpeg,def_front,0,defective,train
cast_def_0_6236.jpeg,def_front,0,defective,train
cast_def_0_6239.jpeg,def_front,0,defective,train
cast_def_0_624.jpeg,def_front,0,defective,train
cast_def_0_6244.jpeg,def_front,0,defective,train
cast_def_0_6247.jpeg,def_front,0,defective,train
cast_def_0_6259.jpeg,def_front,0,defective,train
cast_def_0_6272.jpeg,def_front,0,defective,train
cast_def_0_6296.jpeg,def_front,0,defective,train
cast_def_0_6298.jpeg,def_front,0,defective,train
cast_def_0_6322.jpeg,def_front,0,defective,train
cast_def_0_6369.jpeg,def_front,0,defective,train
cast_def_0_637.jpeg,def_front,0,defective,train
cast_def_0_6406.jpeg,def_front,0,defective,train
cast_def_0_6417.jpeg,def_front,0,defective,train
cast_def_0_6422.jpeg,def_front,0,defective,train
cast_def_0_6454.jpeg,def_front,0,defective,train
cast_def_0_6476.jpeg,def_front,0,defective,train
cast_def_0_6483.jpeg,def_front,0,defective,train
cast_def_0_649.jpeg,def_front,0,defective,train
cast_def_0_6519.jpeg,def_front,0,defective,train
cast_def_0_6526.jpeg,def_front,0,defective,train
cast_def_0_6531.jpeg,def_front,0,defective,train
cast_def_0_6536.jpeg,def_front,0,defective,train
cast_def_0_6538.jpeg,def_front,0,defective,train
cast_def_0_6563.jpeg,def_front,0,defective,train
cast_def_0_6564.jpeg,def_front,0,defective,train
cast_def_0_6582.jpeg,def_front,0,defective,train
cast_def_0_6610.jpeg,def_front,0,defective,train
cast_def_0_6641.jpeg,def_front,0,defective,train
cast_def_0_6658.jpeg,def_front,0,defective,train
cast_def_0_6662.jpeg,def_front,0,defective,train
cast_def_0_6673.jpeg,def_front,0,defective,train
cast_def_0_6687.jpeg,def_front,0,defective,train
cast_def_0_6724.jpeg,def_front,0,defective,train
cast_def_0_6738.jpeg,def_front,0,defective,train
cast_def_0_6777.jpeg,def_front,0,defective,train
cast_def_0_6797.jpeg,def_front,0,defective,train
cast_def_0_6817.jpeg,def_front,0,defective,train
cast_def_0_6836.jpeg,def_front,0,defective,train
cast_def_0_6837.jpeg,def_front,0,defective,train
cast_def_0_6853.jpeg,def_front,0,defective,train
cast_def_0_6855.jpeg,def_front,0,defective,train
cast_def_0_6860.jpeg,def_front,0,defective,train
cast_def_0_6863.jpeg,def_front,0,defective,train
cast_def_0_6867.jpeg,def_front,0,defective,train
cast_def_0_6869.jpeg,def_front,0,defective,train
cast_def_0_688.jpeg,def_front,0,defective,train
cast_def_0_6884.jpeg,def_front,0,defective,train
cast_def_0_6887.jpeg,def_front,0,defective,train
cast_def_0_6898.jpeg,def_front,0,defective,train
cast_def_0_6929.jpeg,def_front,0,defective,train
cast_def_0_6955.jpeg,def_front,0,defective,train
cast_def_0_6959.jpeg,def_front,0,defective,train
cast_def_0_6993.jpeg,def_front,0,defective,train
cast_def_0_702.jpeg,def_front,0,defective,train
cast_def_0_7039.jpeg,def_front,0,defective,train
cast_def_0_7051.jpeg,def_front,0,defective,train
cast_def_0_7056.jpeg,def_front,0,defective,train
cast_def_0_7076.jpeg,def_front,0,defective,train
cast_def_0_7080.jpeg,def_front,0,defective,train
cast_def_0_7086.jpeg,def_front,0,defective,train
cast_def_0_7113.jpeg,def_front,0,defective,train
cast_def_0_7117.jpeg,def_front,0,defective,train
cast_def_0_7126.jpeg,def_front,0,defective,train
cast_def_0_7142.jpeg,def_front,0,defective,train
cast_def_0_717.jpeg,def_front,0,defective,train
cast_def_0_7172.jpeg,def_front,0,defective,train
cast_def_0_7183.jpeg,def_front,0,defective,train
cast_def_0_7198.jpeg,def_front,0,defective,train
cast_def_0_7215.jpeg,def_front,0,defective,train
cast_def_0_7216.jpeg,def_front,0,defective,train
cast_def_0_7217.jpeg,def_front,0,defective,train
cast_def_0_7230.jpeg,def_front,0,defective,train
cast_def_0_7232.jpeg,def_front,0,defective,train
cast_def_0_724.jpeg,def_front,0,defective,train
cast_def_0_7248.jpeg,def_front,0,defective,train
cast_def_0_7264.jpeg,def_front,0,defective,train
cast_def_0_7275.jpeg,def_front,0,defective,train
cast_def_0_7286.jpeg,def_front,0,defective,train
cast_def_0_7295.jpeg,def_front,0,defective,train
cast_def_0_7315.jpeg,def_front,0,defective,train
cast_def_0_7324.jpeg,def_front,0,defective,train
cast_def_0_7326.jpeg,def_front,0,defective,train
cast_def_0_7336.jpeg,def_front,0,defective,train
cast_def_0_7338.jpeg,def_front,0,defective,train
cast_def_0_734.jpeg,def_front,0,defective,train
cast_def_0_7360.jpeg,def_front,0,defective,train
cast_def_0_737.jpeg,def_front,0,defective,train
cast_def_0_7381.jpeg,def_front,0,defective,train
cast_def_0_7384.jpeg,def_front,0,defective,train
cast_def_0_7394.jpeg,def_front,0,defective,train
cast_def_0_7396.jpeg,def_front,0,defective,train
cast_def_0_7410.jpeg,def_front,0,defective,train
cast_def_0_7420.jpeg,def_front,0,defective,train
cast_def_0_7431.jpeg,def_front,0,defective,train
cast_def_0_744.jpeg,def_front,0,defective,train
cast_def_0_7446.jpeg,def_front,0,defective,train
cast_def_0_7455.jpeg,def_front,0,defective,train
cast_def_0_7462.jpeg,def_front,0,defective,train
cast_def_0_7467.jpeg,def_front,0,defective,train
cast_def_0_7474.jpeg,def_front,0,defective,train
cast_def_0_7475.jpeg,def_front,0,defective,train
cast_def_0_7483.jpeg,def_front,0,defective,train
cast_def_0_7496.jpeg,def_front,0,defective,train
cast_def_0_7503.jpeg,def_front,0,defective,train
cast_def_0_7520.jpeg,def_front,0,defective,train
cast_def_0_7538.jpeg,def_front,0,defective,train
cast_def_0_7540.jpeg,def_front,0,defective,train
cast_def_0_7549.jpeg,def_front,0,defective,train
cast_def_0_7553.jpeg,def_front,0,defective,train
cast_def_0_7576.jpeg,def_front,0,defective,train
cast_def_0_7593.jpeg,def_front,0,defective,train
cast_def_0_7596.jpeg,def_front,0,defective,train
cast_def_0_7599.jpeg,def_front,0,defective,train
cast_def_0_7601.jpeg,def_front,0,defective,train
cast_def_0_7603.jpeg,def_front,0,defective,train
cast_def_0_7636.jpeg,def_front,0,defective,train
cast_def_0_7664.jpeg,def_front,0,defective,train
cast_def_0_767.jpeg,def_front,0,defective,train
cast_def_0_7684.jpeg,def_front,0,defective,train
cast_def_0_7694.jpeg,def_front,0,defective,train
cast_def_0_7698.jpeg,def_front,0,defective,train
cast_def_0_7722.jpeg,def_front,0,defective,train
cast_def_0_7724.jpeg,def_front,0,defective,train
cast_def_0_773.jpeg,def_front,0,defective,train
cast_def_0_7736.jpeg,def_front,0,defective,train
cast_def_0_7745.jpeg,def_front,0,defective,train
cast_def_0_7750.jpeg,def_front,0,defective,train
cast_def_0_7779.jpeg,def_front,0,defective,train
cast_def_0_7782.jpeg,def_front,0,defective,train
cast_def_0_7792.jpeg,def_front,0,defective,train
cast_def_0_7793.jpeg,def_front,0,defective,train
cast_def_0_7794.jpeg,def_front,0,defective,train
cast_def_0_7797.jpeg,def_front,0,defective,train
cast_def_0_781.jpeg,def_front,0,defective,train
cast_def_0_7837.jpeg,def_front,0,defective,train
cast_def_0_7844.jpeg,def_front,0,defective,train
cast_def_0_7847.jpeg,def_front,0,defective,train
cast_def_0_786.jpeg,def_front,0,defective,train
cast_def_0_7892.jpeg,def_front,0,defective,train
cast_def_0_7905.jpeg,def_front,0,defective,train
cast_def_0_7908.jpeg,def_front,0,defective,train
cast_def_0_7924.jpeg,def_front,0,defective,train
cast_def_0_7933.jpeg,def_front,0,defective,train
cast_def_0_7937.jpeg,def_front,0,defective,train
cast_def_0_7982.jpeg,def_front,0,defective,train
cast_def_0_7987.jpeg,def_front,0,defective,train
cast_def_0_7994.jpeg,def_front,0,defective,train
cast_def_0_7996.jpeg,def_front,0,defective,train
cast_def_0_7998.jpeg,def_front,0,defective,train
cast_def_0_8028.jpeg,def_front,0,defective,train
cast_def_0_8101.jpeg,def_front,0,defective,train
cast_def_0_811.jpeg,def_front,0,defective,train
cast_def_0_8112.jpeg,def_front,0,defective,train
cast_def_0_8114.jpeg,def_front,0,defective,train
cast_def_0_8115.jpeg,def_front,0,defective,train
cast_def_0_8121.jpeg,def_front,0,defective,train
cast_def_0_8129.jpeg,def_front,0,defective,train
cast_def_0_8142.jpeg,def_front,0,defective,train
cast_def_0_8144.jpeg,def_front,0,defective,train
cast_def_0_8149.jpeg,def_front,0,defective,train
cast_def_0_8152.jpeg,def_front,0,defective,train
cast_def_0_8170.jpeg,def_front,0,defective,train
cast_def_0_8208.jpeg,def_front,0,defective,train
cast_def_0_8213.jpeg,def_front,0,defective,train
cast_def_0_8220.jpeg,def_front,0,defective,train
cast_def_0_8227.jpeg,def_front,0,defective,train
cast_def_0_8236.jpeg,def_front,0,defective,train
cast_def_0_8239.jpeg,def_front,0,defective,train
cast_def_0_8288.jpeg,def_front,0,defective,train
cast_def_0_8310.jpeg,def_front,0,defective,train
cast_def_0_8314.jpeg,def_front,0,defective,train
cast_def_0_8321.jpeg,def_front,0,defective,train
cast_def_0_833.jpeg,def_front,0,defective,train
cast_def_0_8340.jpeg,def_front,0,defective,train
cast_def_0_8348.jpeg,def_front,0,defective,train
cast_def_0_839.jpeg,def_front,0,defective,train
cast_def_0_8396.jpeg,def_front,0,defective,train
cast_def_0_8405.jpeg,def_front,0,defective,train
cast_def_0_8408.jpeg,def_front,0,defective,train
cast_def_0_8415.jpeg,def_front,0,defective,train
cast_def_0_8434.jpeg,def_front,0,defective,train
cast_def_0_8441.jpeg,def_front,0,defective,train
cast_def_0_8451.jpeg,def_front,0,defective,train
cast_def_0_8467.jpeg,def_front,0,defective,train
cast_def_0_8486.jpeg,def_front,0,defective,train
cast_def_0_8510.jpeg,def_front,0,defective,train
cast_def_0_8519.jpeg,def_front,0,defective,train
cast_def_0_852.jpeg,def_front,0,defective,train
cast_def_0_8529.jpeg,def_front,0,defective,train
cast_def_0_8559.jpeg,def_front,0,defective,train
cast_def_0_8587.jpeg,def_front,0,defective,train
cast_def_0_8596.jpeg,def_front,0,defective,train
cast_def_0_8615.jpeg,def_front,0,defective,train
cast_def_0_8617.jpeg,def_front,0,defective,train
cast_def_0_8631.jpeg,def_front,0,defective,train
cast_def_0_8639.jpeg,def_front,0,defective,train
cast_def_0_8646.jpeg,def_front,0,defective,train
cast_def_0_8667.jpeg,def_front,0,defective,train
cast_def_0_8668.jpeg,def_front,0,defective,train
cast_def_0_8675.jpeg,def_front,0,defective,train
cast_def_0_8687.jpeg,def_front,0,defective,train
cast_def_0_8697.jpeg,def_front,0,defective,train
cast_def_0_8707.jpeg,def_front,0,defective,train
cast_def_0_8709.jpeg,def_front,0,defective,train
cast_def_0_8711.jpeg,def_front,0,defective,train
cast_def_0_8719.jpeg,def_front,0,defective,train
cast_def_0_8720.jpeg,def_front,0,defective,train
cast_def_0_8722.jpeg,def_front,0,defective,train
cast_def_0_8742.jpeg,def_front,0,defective,train
cast_def_0_8756.jpeg,def_front,0,defective,train
cast_def_0_8764.jpeg,def_front,0,defective,train
cast_def_0_8766.jpeg,def_front,0,defective,train
cast_def_0_8785.jpeg,def_front,0,defective,train
cast_def_0_8789.jpeg,def_front,0,defective,train
cast_def_0_880.jpeg,def_front,0,defective,train
cast_def_0_8813.jpeg,def_front,0,defective,train
cast_def_0_8817.jpeg,def_front,0,defective,train
cast_def_0_8831.jpeg,def_front,0,defective,train
cast_def_0_8838.jpeg,def_front,0,defective,train
cast_def_0_8844.jpeg,def_front,0,defective,train
cast_def_0_8848.jpeg,def_front,0,defective,train
cast_def_0_8855.jpeg,def_front,0,defective,train
cast_def_0_8899.jpeg,def_front,0,defective,train
cast_def_0_8954.jpeg,def_front,0,defective,train
cast_def_0_896.jpeg,def_front,0,defective,train
cast_def_0_8975.jpeg,def_front,0,defective,train
cast_def_0_9021.jpeg,def_front,0,defective,train
cast_def_0_9023.jpeg,def_front,0,defective,train
cast_def_0_9025.jpeg,def_front,0,defective,train
cast_def_0_9038.jpeg,def_front,0,defective,train
cast_def_0_9051.jpeg,def_front,0,defective,train
cast_def_0_9060.jpeg,def_front,0,defective,train
cast_def_0_9067.jpeg,def_front,0,defective,train
cast_def_0_9068.jpeg,def_front,0,defective,train
cast_def_0_9075.jpeg,def_front,0,defective,train
cast_def_0_9079.jpeg,def_front,0,defective,train
cast_def_0_9084.jpeg,def_front,0,defective,train
cast_def_0_9098.jpeg,def_front,0,defective,train
cast_def_0_91.jpeg,def_front,0,defective,train
cast_def_0_9146.jpeg,def_front,0,defective,train
cast_def_0_9163.jpeg,def_front,0,defective,train
cast_def_0_9175.jpeg,def_front,0,defective,train
cast_def_0_9180.jpeg,def_front,0,defective,train
cast_def_0_9188.jpeg,def_front,0,defective,train
cast_def_0_9206.jpeg,def_front,0,defective,train
cast_def_0_9211.jpeg,def_front,0,defective,train
cast_def_0_9227.jpeg,def_front,0,defective,train
cast_def_0_9234.jpeg,def_front,0,defective,train
cast_def_0_9276.jpeg,def_front,0,defective,train
cast_def_0_93.jpeg,def_front,0,defective,train
cast_def_0_9320.jpeg,def_front,0,defective,train
cast_def_0_9325.jpeg,def_front,0,defective,train
cast_def_0_9328.jpeg,def_front,0,defective,train
cast_def_0_9333.jpeg,def_front,0,defective,train
cast_def_0_9339.jpeg,def_front,0,defective,train
cast_def_0_9346.jpeg,def_front,0,defective,train
cast_def_0_9356.jpeg,def_front,0,defective,train
cast_def_0_937.jpeg,def_front,0,defective,train
cast_def_0_9379.jpeg,def_front,0,defective,train
cast_def_0_9388.jpeg,def_front,0,defective,train
cast_def_0_94.jpeg,def_front,0,defective,train
cast_def_0_9403.jpeg,def_front,0,defective,train
cast_def_0_9435.jpeg,def_front,0,defective,train
cast_def_0_9454.jpeg,def_front,0,defective,train
cast_def_0_9474.jpeg,def_front,0,defective,train
cast_def_0_9475.jpeg,def_front,0,defective,train
cast_def_0_9477.jpeg,def_front,0,defective,train
cast_def_0_9480.jpeg,def_front,0,defective,train
cast_def_0_9496.jpeg,def_front,0,defective,train
cast_def_0_9498.jpeg,def_front,0,defective,train
cast_def_0_9507.jpeg,def_front,0,defective,train
cast_def_0_9520.jpeg,def_front,0,defective,train
cast_def_0_9540.jpeg,def_front,0,defective,train
cast_def_0_9547.jpeg,def_front,0,defective,train
cast_def_0_9580.jpeg,def_front,0,defective,train
cast_def_0_9582.jpeg,def_front,0,defective,train
cast_def_0_959.jpeg,def_front,0,defective,train
cast_def_0_9591.jpeg,def_front,0,defective,train
cast_def_0_9613.jpeg,def_front,0,defective,train
cast_def_0_9619.jpeg,def_front,0,defective,train
cast_def_0_9623.jpeg,def_front,0,defective,train
cast_def_0_9637.jpeg,def_front,0,defective,train
cast_def_0_9640.jpeg,def_front,0,defective,train
cast_def_0_9643.jpeg,def_front,0,defective,train
cast_def_0_9644.jpeg,def_front,0,defective,train
cast_def_0_966.jpeg,def_front,0,defective,train
cast_def_0_9669.jpeg,def_front,0,defective,train
cast_def_0_9683.jpeg,def_front,0,defective,train
cast_def_0_9687.jpeg,def_front,0,defective,train
cast_def_0_9737.jpeg,def_front,0,defective,train
cast_def_0_9750.jpeg,def_front,0,defective,train
cast_def_0_9755.jpeg,def_front,0,defective,train
cast_def_0_976.jpeg,def_front,0,defective,train
cast_def_0_9780.jpeg,def_front,0,defective,train
cast_def_0_9817.jpeg,def_front,0,defective,train
cast_def_0_9836.jpeg,def_front,0,defective,train
cast_def_0_9854.jpeg,def_front,0,defective,train
cast_def_0_9857.jpeg,def_front,0,defective,train
cast_def_0_9872.jpeg,def_front,0,defective,train
cast_def_0_9873.jpeg,def_front,0,defective,train
cast_def_0_9877.jpeg,def_front,0,defective,train
cast_def_0_9879.jpeg,def_front,0,defective,train
cast_def_0_994.jpeg,def_front,0,defective,train
cast_def_0_9963.jpeg,def_front,0,defective,train
cast_def_0_9980.jpeg,def_front,0,defective,train
cast_def_0_9995.jpeg,def_front,0,defective,train
cast_ok_0_1018.jpeg,ok_front,1,non_defective,train
cast_ok_0_1021.jpeg,ok_front,1,non_defective,train
cast_ok_0_1028.jpeg,ok_front,1,non_defective,train
cast_ok_0_1074.jpeg,ok_front,1,non_defective,train
cast_ok_0_1082.jpeg,ok_front,1,non_defective,train
cast_ok_0_1083.jpeg,ok_front,1,non_defective,train
cast_ok_0_1091.jpeg,ok_front,1,non_defective,train
cast_ok_0_1092.jpeg,ok_front,1,non_defective,train
cast_ok_0_1102.jpeg,ok_front,1,non_defective,train
cast_ok_0_1144.jpeg,ok_front,1,non_defective,train
cast_ok_0_1155.jpeg,ok_front,1,non_defective,train
cast_ok_0_1187.jpeg,ok_front,1,non_defective,train
cast_ok_0_119.jpeg,ok_front,1,non_defective,train
cast_ok_0_1192.jpeg,ok_front,1,non_defective,train
cast_ok_0_1207.jpeg,ok_front,1,non_defective,train
cast_ok_0_1234.jpeg,ok_front,1,non_defective,train
cast_ok_0_1265.jpeg,ok_front,1,non_defective,train
cast_ok_0_129.jpeg,ok_front,1,non_defective,train
cast_ok_0_1290.jpeg,ok_front,1,non_defective,train
cast_ok_0_1362.jpeg,ok_front,1,non_defective,train
cast_ok_0_1429.jpeg,ok_front,1,non_defective,train
cast_ok_0_1445.jpeg,ok_front,1,non_defective,train
cast_ok_0_1450.jpeg,ok_front,1,non_defective,train
cast_ok_0_1491.jpeg,ok_front,1,non_defective,train
cast_ok_0_1559.jpeg,ok_front,1,non_defective,train
cast_ok_0_1568.jpeg,ok_front,1,non_defective,train
cast_ok_0_1573.jpeg,ok_front,1,non_defective,train
cast_ok_0_1584.jpeg,ok_front,1,non_defective,train
cast_ok_0_1588.jpeg,ok_front,1,non_defective,train
cast_ok_0_1589.jpeg,ok_front,1,non_defective,train
cast_ok_0_1592.jpeg,ok_front,1,non_defective,train
cast_ok_0_1604.jpeg,ok_front,1,non_defective,train
cast_ok_0_1634.jpeg,ok_front,1,non_defective,train
cast_ok_0_1644.jpeg,ok_front,1,non_defective,train
cast_ok_0_1665.jpeg,ok_front,1,non_defective,train
cast_ok_0_1682.jpeg,ok_front,1,non_defective,train
cast_ok_0_1695.jpeg,ok_front,1,non_defective,train
cast_ok_0_1715.jpeg,ok_front,1,non_defective,train
cast_ok_0_1723.jpeg,ok_front,1,non_defective,train
cast_ok_0_1756.jpeg,ok_front,1,non_defective,train
cast_ok_0_1761.jpeg,ok_front,1,non_defective,train
cast_ok_0_1780.jpeg,ok_front,1,non_defective,train
cast_ok_0_1817.jpeg,ok_front,1,non_defective,train
cast_ok_0_1853.jpeg,ok_front,1,non_defective,train
cast_ok_0_1863.jpeg,ok_front,1,non_defective,train
cast_ok_0_1879.jpeg,ok_front,1,non_defective,train
cast_ok_0_1933.jpeg,ok_front,1,non_defective,train
cast_ok_0_1936.jpeg,ok_front,1,non_defective,train
cast_ok_0_1959.jpeg,ok_front,1,non_defective,train
cast_ok_0_196.jpeg,ok_front,1,non_defective,train
cast_ok_0_199.jpeg,ok_front,1,non_defective,train
cast_ok_0_2005.jpeg,ok_front,1,non_defective,train
cast_ok_0_2046.jpeg,ok_front,1,non_defective,train
cast_ok_0_2083.jpeg,ok_front,1,non_defective,train
cast_ok_0_2100.jpeg,ok_front,1,non_defective,train
cast_ok_0_211.jpeg,ok_front,1,non_defective,train
cast_ok_0_2117.jpeg,ok_front,1,non_defective,train
cast_ok_0_2152.jpeg,ok_front,1,non_defective,train
cast_ok_0_2162.jpeg,ok_front,1,non_defective,train
cast_ok_0_2180.jpeg,ok_front,1,non_defective,train
cast_ok_0_2208.jpeg,ok_front,1,non_defective,train
cast_ok_0_222.jpeg,ok_front,1,non_defective,train
cast_ok_0_2235.jpeg,ok_front,1,non_defective,train
cast_ok_0_2241.jpeg,ok_front,1,non_defective,train
cast_ok_0_2244.jpeg,ok_front,1,non_defective,train
cast_ok_0_2268.jpeg,ok_front,1,non_defective,train
cast_ok_0_2271.jpeg,ok_front,1,non_defective,train
cast_ok_0_2288.jpeg,ok_front,1,non_defective,train
cast_ok_0_2295.jpeg,ok_front,1,non_defective,train
cast_ok_0_2315.jpeg,ok_front,1,non_defective,train
cast_ok_0_2322.jpeg,ok_front,1,non_defective,train
cast_ok_0_2351.jpeg,ok_front,1,non_defective,train
cast_ok_0_2379.jpeg,ok_front,1,non_defective,train
cast_ok_0_2417.jpeg,ok_front,1,non_defective,train
cast_ok_0_2437.jpeg,ok_front,1,non_defective,train
cast_ok_0_2456.jpeg,ok_front,1,non_defective,train
cast_ok_0_2472.jpeg,ok_front,1,non_defective,train
cast_ok_0_2482.jpeg,ok_front,1,non_defective,train
cast_ok_0_2505.jpeg,ok_front,1,non_defective,train
cast_ok_0_2514.jpeg,ok_front,1,non_defective,train
cast_ok_0_2525.jpeg,ok_front,1,non_defective,train
cast_ok_0_2541.jpeg,ok_front,1,non_defective,train
cast_ok_0_2544.jpeg,ok_front,1,non_defective,train
cast_ok_0_2588.jpeg,ok_front,1,non_defective,train
cast_ok_0_2605.jpeg,ok_front,1,non_defective,train
cast_ok_0_2614.jpeg,ok_front,1,non_defective,train
cast_ok_0_2622.jpeg,ok_front,1,non_defective,train
cast_ok_0_2643.jpeg,ok_front,1,non_defective,train
cast_ok_0_265.jpeg,ok_front,1,non_defective,train
cast_ok_0_2695.jpeg,ok_front,1,non_defective,train
cast_ok_0_2697.jpeg,ok_front,1,non_defective,train
cast_ok_0_2720.jpeg,ok_front,1,non_defective,train
cast_ok_0_2721.jpeg,ok_front,1,non_defective,train
cast_ok_0_2722.jpeg,ok_front,1,non_defective,train
cast_ok_0_2738.jpeg,ok_front,1,non_defective,train
cast_ok_0_2746.jpeg,ok_front,1,non_defective,train
cast_ok_0_2770.jpeg,ok_front,1,non_defective,train
cast_ok_0_2771.jpeg,ok_front,1,non_defective,train
cast_ok_0_2784.jpeg,ok_front,1,non_defective,train
cast_ok_0_2785.jpeg,ok_front,1,non_defective,train
cast_ok_0_2816.jpeg,ok_front,1,non_defective,train
cast_ok_0_2818.jpeg,ok_front,1,non_defective,train
cast_ok_0_2819.jpeg,ok_front,1,non_defective,train
cast_ok_0_2865.jpeg,ok_front,1,non_defective,train
cast_ok_0_2867.jpeg,ok_front,1,non_defective,train
cast_ok_0_2967.jpeg,ok_front,1,non_defective,train
cast_ok_0_2989.jpeg,ok_front,1,non_defective,train
cast_ok_0_2992.jpeg,ok_front,1,non_defective,train
cast_ok_0_2999.jpeg,ok_front,1,non_defective,train
cast_ok_0_3025.jpeg,ok_front,1,non_defective,train
cast_ok_0_304.jpeg,ok_front,1,non_defective,train
cast_ok_0_3049.jpeg,ok_front,1,non_defective,train
cast_ok_0_305.jpeg,ok_front,1,non_defective,train
cast_ok_0_3064.jpeg,ok_front,1,non_defective,train
cast_ok_0_3102.jpeg,ok_front,1,non_defective,train
cast_ok_0_3106.jpeg,ok_front,1,non_defective,train
cast_ok_0_3136.jpeg,ok_front,1,non_defective,train
cast_ok_0_3138.jpeg,ok_front,1,non_defective,train
cast_ok_0_3181.jpeg,ok_front,1,non_defective,train
cast_ok_0_3246.jpeg,ok_front,1,non_defective,train
cast_ok_0_3250.jpeg,ok_front,1,non_defective,train
cast_ok_0_327.jpeg,ok_front,1,non_defective,train
cast_ok_0_3336.jpeg,ok_front,1,non_defective,train
cast_ok_0_3337.jpeg,ok_front,1,non_defective,train
cast_ok_0_3338.jpeg,ok_front,1,non_defective,train
cast_ok_0_3371.jpeg,ok_front,1,non_defective,train
cast_ok_0_3386.jpeg,ok_front,1,non_defective,train
cast_ok_0_3402.jpeg,ok_front,1,non_defective,train
cast_ok_0_3439.jpeg,ok_front,1,non_defective,train
cast_ok_0_3440.jpeg,ok_front,1,non_defective,train
cast_ok_0_3449.jpeg,ok_front,1,non_defective,train
cast_ok_0_3465.jpeg,ok_front,1,non_defective,train
cast_ok_0_3498.jpeg,ok_front,1,non_defective,train
cast_ok_0_35.jpeg,ok_front,1,non_defective,train
cast_ok_0_3500.jpeg,ok_front,1,non_defective,train
cast_ok_0_352.jpeg,ok_front,1,non_defective,train
cast_ok_0_3596.jpeg,ok_front,1,non_defective,train
cast_ok_0_3654.jpeg,ok_front,1,non_defective,train
cast_ok_0_37.jpeg,ok_front,1,non_defective,train
cast_ok_0_373.jpeg,ok_front,1,non_defective,train
cast_ok_0_3736.jpeg,ok_front,1,non_defective,train
cast_ok_0_3764.jpeg,ok_front,1,non_defective,train
cast_ok_0_3812.jpeg,ok_front,1,non_defective,train
cast_ok_0_3820.jpeg,ok_front,1,non_defective,train
cast_ok_0_3842.jpeg,ok_front,1,non_defective,train
cast_ok_0_3846.jpeg,ok_front,1,non_defective,train
cast_ok_0_3868.jpeg,ok_front,1,non_defective,train
cast_ok_0_3869.jpeg,ok_front,1,non_defective,train
cast_ok_0_3897.jpeg,ok_front,1,non_defective,train
cast_ok_0_3916.jpeg,ok_front,1,non_defective,train
cast_ok_0_3973.jpeg,ok_front,1,non_defective,train
cast_ok_0_3984.jpeg,ok_front,1,non_defective,train
cast_ok_0_4010.jpeg,ok_front,1,non_defective,train
cast_ok_0_4020.jpeg,ok_front,1,non_defective,train
cast_ok_0_4031.jpeg,ok_front,1,non_defective,train
cast_ok_0_4038.jpeg,ok_front,1,non_defective,train
cast_ok_0_4059.jpeg,ok_front,1,non_defective,train
cast_ok_0_4081.jpeg,ok_front,1,non_defective,train
cast_ok_0_4082.jpeg,ok_front,1,non_defective,train
cast_ok_0_4087.jpeg,ok_front,1,non_defective,train
cast_ok_0_4141.jpeg,ok_front,1,non_defective,train
cast_ok_0_4168.jpeg,ok_front,1,non_defective,train
cast_ok_0_4177.jpeg,ok_front,1,non_defective,train
cast_ok_0_4201.jpeg,ok_front,1,non_defective,train
cast_ok_0_4223.jpeg,ok_front,1,non_defective,train
cast_ok_0_423.jpeg,ok_front,1,non_defective,train
cast_ok_0_4247.jpeg,ok_front,1,non_defective,train
cast_ok_0_4265.jpeg,ok_front,1,non_defective,train
cast_ok_0_4295.jpeg,ok_front,1,non_defective,train
cast_ok_0_431.jpeg,ok_front,1,non_defective,train
cast_ok_0_4358.jpeg,ok_front,1,non_defective,train
cast_ok_0_4413.jpeg,ok_front,1,non_defective,train
cast_ok_0_4433.jpeg,ok_front,1,non_defective,train
cast_ok_0_4437.jpeg,ok_front,1,non_defective,train
cast_ok_0_4442.jpeg,ok_front,1,non_defective,train
cast_ok_0_4450.jpeg,ok_front,1,non_defective,train
cast_ok_0_4503.jpeg,ok_front,1,non_defective,train
cast_ok_0_4561.jpeg,ok_front,1,non_defective,train
cast_ok_0_4562.jpeg,ok_front,1,non_defective,train
cast_ok_0_4579.jpeg,ok_front,1,non_defective,train
cast_ok_0_4582.jpeg,ok_front,1,non_defective,train
cast_ok_0_4597.jpeg,ok_front,1,non_defective,train
cast_ok_0_4630.jpeg,ok_front,1,non_defective,train
cast_ok_0_4639.jpeg,ok_front,1,non_defective,train
cast_ok_0_468.jpeg,ok_front,1,non_defective,train
cast_ok_0_4691.jpeg,ok_front,1,non_defective,train
cast_ok_0_4697.jpeg,ok_front,1,non_defective,train
cast_ok_0_4736.jpeg,ok_front,1,non_defective,train
cast_ok_0_4742.jpeg,ok_front,1,non_defective,train
cast_ok_0_477.jpeg,ok_front,1,non_defective,train
cast_ok_0_4773.jpeg,ok_front,1,non_defective,train
cast_ok_0_4799.jpeg,ok_front,1,non_defective,train
cast_ok_0_4821.jpeg,ok_front,1,non_defective,train
cast_ok_0_4823.jpeg,ok_front,1,non_defective,train
cast_ok_0_4855.jpeg,ok_front,1,non_defective,train
cast_ok_0_4862.jpeg,ok_front,1,non_defective,train
cast_ok_0_4863.jpeg,ok_front,1,non_defective,train
cast_ok_0_4930.jpeg,ok_front,1,non_defective,train
cast_ok_0_4943.jpeg,ok_front,1,non_defective,train
cast_ok_0_4944.jpeg,ok_front,1,non_defective,train
cast_ok_0_4958.jpeg,ok_front,1,non_defective,train
cast_ok_0_496.jpeg,ok_front,1,non_defective,train
cast_ok_0_4961.jpeg,ok_front,1,non_defective,train
cast_ok_0_4965.jpeg,ok_front,1,non_defective,train
cast_ok_0_4972.jpeg,ok_front,1,non_defective,train
cast_ok_0_4974.jpeg,ok_front,1,non_defective,train
cast_ok_0_5003.jpeg,ok_front,1,non_defective,train
cast_ok_0_5009.jpeg,ok_front,1,non_defective,train
cast_ok_0_5085.jpeg,ok_front,1,non_defective,train
cast_ok_0_5137.jpeg,ok_front,1,non_defective,train
cast_ok_0_5148.jpeg,ok_front,1,non_defective,train
cast_ok_0_5150.jpeg,ok_front,1,non_defective,train
cast_ok_0_5173.jpeg,ok_front,1,non_defective,train
cast_ok_0_5310.jpeg,ok_front,1,non_defective,train
cast_ok_0_5326.jpeg,ok_front,1,non_defective,train
cast_ok_0_5339.jpeg,ok_front,1,non_defective,train
cast_ok_0_5379.jpeg,ok_front,1,non_defective,train
cast_ok_0_5447.jpeg,ok_front,1,non_defective,train
cast_ok_0_5465.jpeg,ok_front,1,non_defective,train
cast_ok_0_5472.jpeg,ok_front,1,non_defective,train
cast_ok_0_5515.jpeg,ok_front,1,non_defective,train
cast_ok_0_5524.jpeg,ok_front,1,non_defective,train
cast_ok_0_5536.jpeg,ok_front,1,non_defective,train
cast_ok_0_5548.jpeg,ok_front,1,non_defective,train
cast_ok_0_5565.jpeg,ok_front,1,non_defective,train
cast_ok_0_5573.jpeg,ok_front,1,non_defective,train
cast_ok_0_5604.jpeg,ok_front,1,non_defective,train
cast_ok_0_5609.jpeg,ok_front,1,non_defective,train
cast_ok_0_5625.jpeg,ok_front,1,non_defective,train
cast_ok_0_563.jpeg,ok_front,1,non_defective,train
cast_ok_0_5654.jpeg,ok_front,1,non_defective,train
cast_ok_0_5680.jpeg,ok_front,1,non_defective,train
cast_ok_0_5681.jpeg,ok_front,1,non_defective,train
cast_ok_0_5685.jpeg,ok_front,1,non_defective,train
cast_ok_0_5687.jpeg,ok_front,1,non_defective,train
cast_ok_0_5691.jpeg,ok_front,1,non_defective,train
cast_ok_0_5728.jpeg,ok_front,1,non_defective,train
cast_ok_0_5774.jpeg,ok_front,1,non_defective,train
cast_ok_0_5812.jpeg,ok_front,1,non_defective,train
cast_ok_0_5814.jpeg,ok_front,1,non_defective,train
cast_ok_0_5818.jpeg,ok_front,1,non_defective,train
cast_ok_0_583.jpeg,ok_front,1,non_defective,train
cast_ok_0_5852.jpeg,ok_front,1,non_defective,train
cast_ok_0_5853.jpeg,ok_front,1,non_defective,train
cast_ok_0_5854.jpeg,ok_front,1,non_defective,train
cast_ok_0_586.jpeg,ok_front,1,non_defective,train
cast_ok_0_591.jpeg,ok_front,1,non_defective,train
cast_ok_0_5929.jpeg,ok_front,1,non_defective,train
cast_ok_0_5942.jpeg,ok_front,1,non_defective,train
cast_ok_0_601.jpeg,ok_front,1,non_defective,train
cast_ok_0_6018.jpeg,ok_front,1,non_defective,train
cast_ok_0_6055.jpeg,ok_front,1,non_defective,train
cast_ok_0_6079.jpeg,ok_front,1,non_defective,train
cast_ok_0_6092.jpeg,ok_front,1,non_defective,train
cast_ok_0_6119.jpeg,ok_front,1,non_defective,train
cast_ok_0_6129.jpeg,ok_front,1,non_defective,train
cast_ok_0_6134.jpeg,ok_front,1,non_defective,train
cast_ok_0_6149.jpeg,ok_front,1,non_defective,train
cast_ok_0_6160.jpeg,ok_front,1,non_defective,train
cast_ok_0_6189.jpeg,ok_front,1,non_defective,train
cast_ok_0_623.jpeg,ok_front,1,non_defective,train
cast_ok_0_6235.jpeg,ok_front,1,non_defective,train
cast_ok_0_6239.jpeg,ok_front,1,non_defective,train
cast_ok_0_6250.jpeg,ok_front,1,non_defective,train
cast_ok_0_6258.jpeg,ok_front,1,non_defective,train
cast_ok_0_6287.jpeg,ok_front,1,non_defective,train
cast_ok_0_6292.jpeg,ok_front,1,non_defective,train
cast_ok_0_6295.jpeg,ok_front,1,non_defective,train
cast_ok_0_6306.jpeg,ok_front,1,non_defective,train
cast_ok_0_6329.jpeg,ok_front,1,non_defective,train
cast_ok_0_6332.jpeg,ok_front,1,non_defective,train
cast_ok_0_638.jpeg,ok_front,1,non_defective,train
cast_ok_0_6390.jpeg,ok_front,1,non_defective,train
cast_ok_0_6418.jpeg,ok_front,1,non_defective,train
cast_ok_0_6424.jpeg,ok_front,1,non_defective,train
cast_ok_0_6449.jpeg,ok_front,1,non_defective,train
cast_ok_0_645.jpeg,ok_front,1,non_defective,train
cast_ok_0_6471.jpeg,ok_front,1,non_defective,train
cast_ok_0_6474.jpeg,ok_front,1,non_defective,train
cast_ok_0_6477.jpeg,ok_front,1,non_defective,train
cast_ok_0_6482.jpeg,ok_front,1,non_defective,train
cast_ok_0_6529.jpeg,ok_front,1,non_defective,train
cast_ok_0_6567.jpeg,ok_front,1,non_defective,train
cast_ok_0_6579.jpeg,ok_front,1,non_defective,train
cast_ok_0_661.jpeg,ok_front,1,non_defective,train
cast_ok_0_6644.jpeg,ok_front,1,non_defective,train
cast_ok_0_6679.jpeg,ok_front,1,non_defective,train
cast_ok_0_6705.jpeg,ok_front,1,non_defective,train
cast_ok_0_6741.jpeg,ok_front,1,non_defective,train
cast_ok_0_6788.jpeg,ok_front,1,non_defective,train
cast_ok_0_6802.jpeg,ok_front,1,non_defective,train
cast_ok_0_6826.jpeg,ok_front,1,non_defective,train
cast_ok_0_6847.jpeg,ok_front,1,non_defective,train
cast_ok_0_6854.jpeg,ok_front,1,non_defective,train
cast_ok_0_6864.jpeg,ok_front,1,non_defective,train
cast_ok_0_6869.jpeg,ok_front,1,non_defective,train
cast_ok_0_688.jpeg,ok_front,1,non_defective,train
cast_ok_0_6880.jpeg,ok_front,1,non_defective,train
cast_ok_0_6881.jpeg,ok_front,1,non_defective,train
cast_ok_0_6890.jpeg,ok_front,1,non_defective,train
cast_ok_0_6922.jpeg,ok_front,1,non_defective,train
cast_ok_0_694.jpeg,ok_front,1,non_defective,train
cast_ok_0_6940.jpeg,ok_front,1,non_defective,train
cast_ok_0_7005.jpeg,ok_front,1,non_defective,train
cast_ok_0_7014.jpeg,ok_front,1,non_defective,train
cast_ok_0_7021.jpeg,ok_front,1,non_defective,train
cast_ok_0_7049.jpeg,ok_front,1,non_defective,train
cast_ok_0_7072.jpeg,ok_front,1,non_defective,train
cast_ok_0_7076.jpeg,ok_front,1,non_defective,train
cast_ok_0_7111.jpeg,ok_front,1,non_defective,train
cast_ok_0_7112.jpeg,ok_front,1,non_defective,train
cast_ok_0_7117.jpeg,ok_front,1,non_defective,train
cast_ok_0_7120.jpeg,ok_front,1,non_defective,train
cast_ok_0_7151.jpeg,ok_front,1,non_defective,train
cast_ok_0_7156.jpeg,ok_front,1,non_defective,train
cast_ok_0_7157.jpeg,ok_front,1,non_defective,train
cast_ok_0_7171.jpeg,ok_front,1,non_defective,train
cast_ok_0_7194.jpeg,ok_front,1,non_defective,train
cast_ok_0_7195.jpeg,ok_front,1,non_defective,train
cast_ok_0_7209.jpeg,ok_front,1,non_defective,train
cast_ok_0_7218.jpeg,ok_front,1,non_defective,train
cast_ok_0_7240.jpeg,ok_front,1,non_defective,train
cast_ok_0_7256.jpeg,ok_front,1,non_defective,train
cast_ok_0_7271.jpeg,ok_front,1,non_defective,train
cast_ok_0_7338.jpeg,ok_front,1,non_defective,train
cast_ok_0_7342.jpeg,ok_front,1,non_defective,train
cast_ok_0_7351.jpeg,ok_front,1,non_defective,train
cast_ok_0_7353.jpeg,ok_front,1,non_defective,train
cast_ok_0_7357.jpeg,ok_front,1,non_defective,train
cast_ok_0_7366.jpeg,ok_front,1,non_defective,train
cast_ok_0_7411.jpeg,ok_front,1,non_defective,train
cast_ok_0_7419.jpeg,ok_front,1,non_defective,train
cast_ok_0_7432.jpeg,ok_front,1,non_defective,train
cast_ok_0_7445.jpeg,ok_front,1,non_defective,train
cast_ok_0_7460.jpeg,ok_front,1,non_defective,train
cast_ok_0_7487.jpeg,ok_front,1,non_defective,train
cast_ok_0_7511.jpeg,ok_front,1,non_defective,train
cast_ok_0_7519.jpeg,ok_front,1,non_defective,train
cast_ok_0_7561.jpeg,ok_front,1,non_defective,train
cast_ok_0_7573.jpeg,ok_front,1,non_defective,train
cast_ok_0_7591.jpeg,ok_front,1,non_defective,train
cast_ok_0_7604.jpeg,ok_front,1,non_defective,train
cast_ok_0_7609.jpeg,ok_front,1,non_defective,train
cast_ok_0_766.jpeg,ok_front,1,non_defective,train
cast_ok_0_7664.jpeg,ok_front,1,non_defective,train
cast_ok_0_7673.jpeg,ok_front,1,non_defective,train
cast_ok_0_7690.jpeg,ok_front,1,non_defective,train
cast_ok_0_7693.jpeg,ok_front,1,non_defective,train
cast_ok_0_773.jpeg,ok_front,1,non_defective,train
cast_ok_0_7741.jpeg,ok_front,1,non_defective,train
cast_ok_0_775.jpeg,ok_front,1,non_defective,train
cast_ok_0_776.jpeg,ok_front,1,non_defective,train
cast_ok_0_7773.jpeg,ok_front,1,non_defective,train
cast_ok_0_7815.jpeg,ok_front,1,non_defective,train
cast_ok_0_7831.jpeg,ok_front,1,non_defective,train
cast_ok_0_7836.jpeg,ok_front,1,non_defective,train
cast_ok_0_7841.jpeg,ok_front,1,non_defective,train
cast_ok_0_7872.jpeg,ok_front,1,non_defective,train
cast_ok_0_7904.jpeg,ok_front,1,non_defective,train
cast_ok_0_7939.jpeg,ok_front,1,non_defective,train
cast_ok_0_8002.jpeg,ok_front,1,non_defective,train
cast_ok_0_8021.jpeg,ok_front,1,non_defective,train
cast_ok_0_8034.jpeg,ok_front,1,non_defective,train
cast_ok_0_805.jpeg,ok_front,1,non_defective,train
cast_ok_0_8067.jpeg,ok_front,1,non_defective,train
cast_ok_0_8076.jpeg,ok_front,1,non_defective,train
cast_ok_0_8079.jpeg,ok_front,1,non_defective,train
cast_ok_0_8088.jpeg,ok_front,1,non_defective,train
cast_ok_0_8113.jpeg,ok_front,1,non_defective,train
cast_ok_0_8126.jpeg,ok_front,1,non_defective,train
cast_ok_0_8127.jpeg,ok_front,1,non_defective,train
cast_ok_0_8153.jpeg,ok_front,1,non_defective,train
cast_ok_0_8166.jpeg,ok_front,1,non_defective,train
cast_ok_0_8208.jpeg,ok_front,1,non_defective,train
cast_ok_0_8278.jpeg,ok_front,1,non_defective,train
cast_ok_0_833.jpeg,ok_front,1,non_defective,train
cast_ok_0_8356.jpeg,ok_front,1,non_defective,train
cast_ok_0_8375.jpeg,ok_front,1,non_defective,train
cast_ok_0_8388.jpeg,ok_front,1,non_defective,train
cast_ok_0_8419.jpeg,ok_front,1,non_defective,train
cast_ok_0_8425.jpeg,ok_front,1,non_defective,train
cast_ok_0_8429.jpeg,ok_front,1,non_defective,train
cast_ok_0_8438.jpeg,ok_front,1,non_defective,train
cast_ok_0_8440.jpeg,ok_front,1,non_defective,train
cast_ok_0_8448.jpeg,ok_front,1,non_defective,train
cast_ok_0_8460.jpeg,ok_front,1,non_defective,train
cast_ok_0_8466.jpeg,ok_front,1,non_defective,train
cast_ok_0_8496.jpeg,ok_front,1,non_defective,train
cast_ok_0_850.jpeg,ok_front,1,non_defective,train
cast_ok_0_8511.jpeg,ok_front,1,non_defective,train
cast_ok_0_8533.jpeg,ok_front,1,non_defective,train
cast_ok_0_8540.jpeg,ok_front,1,non_defective,train
cast_ok_0_8566.jpeg,ok_front,1,non_defective,train
cast_ok_0_8579.jpeg,ok_front,1,non_defective,train
cast_ok_0_8580.jpeg,ok_front,1,non_defective,train
cast_ok_0_8601.jpeg,ok_front,1,non_defective,train
cast_ok_0_8616.jpeg,ok_front,1,non_defective,train
cast_ok_0_8664.jpeg,ok_front,1,non_defective,train
cast_ok_0_8691.jpeg,ok_front,1,non_defective,train
cast_ok_0_872.jpeg,ok_front,1,non_defective,train
cast_ok_0_8723.jpeg,ok_front,1,non_defective,train
cast_ok_0_8726.jpeg,ok_front,1,non_defective,train
cast_ok_0_8738.jpeg,ok_front,1,non_defective,train
cast_ok_0_8745.jpeg,ok_front,1,non_defective,train
cast_ok_0_8762.jpeg,ok_front,1,non_defective,train
cast_ok_0_8776.jpeg,ok_front,1,non_defective,train
cast_ok_0_8833.jpeg,ok_front,1,non_defective,train
cast_ok_0_8875.jpeg,ok_front,1,non_defective,train
cast_ok_0_8930.jpeg,ok_front,1,non_defective,train
cast_ok_0_8974.jpeg,ok_front,1,non_defective,train
cast_ok_0_8978.jpeg,ok_front,1,non_defective,train
cast_ok_0_8996.jpeg,ok_front,1,non_defective,train
cast_ok_0_9008.jpeg,ok_front,1,non_defective,train
cast_ok_0_9026.jpeg,ok_front,1,non_defective,train
cast_ok_0_904.jpeg,ok_front,1,non_defective,train
cast_ok_0_9108.jpeg,ok_front,1,non_defective,train
cast_ok_0_9112.jpeg,ok_front,1,non_defective,train
cast_ok_0_9120.jpeg,ok_front,1,non_defective,train
cast_ok_0_9135.jpeg,ok_front,1,non_defective,train
cast_ok_0_9136.jpeg,ok_front,1,non_defective,train
cast_ok_0_9150.jpeg,ok_front,1,non_defective,train
cast_ok_0_9173.jpeg,ok_front,1,non_defective,train
cast_ok_0_9191.jpeg,ok_front,1,non_defective,train
cast_ok_0_9192.jpeg,ok_front,1,non_defective,train
cast_ok_0_9193.jpeg,ok_front,1,non_defective,train
cast_ok_0_9201.jpeg,ok_front,1,non_defective,train
cast_ok_0_9202.jpeg,ok_front,1,non_defective,train
cast_ok_0_9216.jpeg,ok_front,1,non_defective,train
cast_ok_0_9224.jpeg,ok_front,1,non_defective,train
cast_ok_0_9232.jpeg,ok_front,1,non_defective,train
cast_ok_0_9235.jpeg,ok_front,1,non_defective,train
cast_ok_0_9239.jpeg,ok_front,1,non_defective,train
cast_ok_0_9270.jpeg,ok_front,1,non_defective,train
cast_ok_0_9277.jpeg,ok_front,1,non_defective,train
cast_ok_0_93.jpeg,ok_front,1,non_defective,train
cast_ok_0_9307.jpeg,ok_front,1,non_defective,train
cast_ok_0_9341.jpeg,ok_front,1,non_defective,train
cast_ok_0_9360.jpeg,ok_front,1,non_defective,train
cast_ok_0_9366.jpeg,ok_front,1,non_defective,train
cast_ok_0_9367.jpeg,ok_front,1,non_defective,train
cast_ok_0_9389.jpeg,ok_front,1,non_defective,train
cast_ok_0_9393.jpeg,ok_front,1,non_defective,train
cast_ok_0_9395.jpeg,ok_front,1,non_defective,train
cast_ok_0_9397.jpeg,ok_front,1,non_defective,train
cast_ok_0_9411.jpeg,ok_front,1,non_defective,train
cast_ok_0_9464.jpeg,ok_front,1,non_defective,train
cast_ok_0_9494.jpeg,ok_front,1,non_defective,train
cast_ok_0_9584.jpeg,ok_front,1,non_defective,train
cast_ok_0_9591.jpeg,ok_front,1,non_defective,train
cast_ok_0_9634.jpeg,ok_front,1,non_defective,train
cast_ok_0_9647.jpeg,ok_front,1,non_defective,train
cast_ok_0_9658.jpeg,ok_front,1,non_defective,train
cast_ok_0_9667.jpeg,ok_front,1,non_defective,train
cast_ok_0_968.jpeg,ok_front,1,non_defective,train
cast_ok_0_9732.jpeg,ok_front,1,non_defective,train
cast_ok_0_9734.jpeg,ok_front,1,non_defective,train
cast_ok_0_9741.jpeg,ok_front,1,non_defective,train
cast_ok_0_9771.jpeg,ok_front,1,non_defective,train
cast_ok_0_9791.jpeg,ok_front,1,non_defective,train
cast_ok_0_981.jpeg,ok_front,1,non_defective,train
cast_ok_0_9818.jpeg,ok_front,1,non_defective,train
cast_ok_0_9840.jpeg,ok_front,1,non_defective,train
cast_ok_0_9843.jpeg,ok_front,1,non_defective,train
cast_ok_0_9850.jpeg,ok_front,1,non_defective,train
cast_ok_0_9959.jpeg,ok_front,1,non_defective,train
cast_ok_0_9966.jpeg,ok_front,1,non_defective,train
cast_ok_0_9990.jpeg,ok_front,1,non_defective,train
cast_def_0_100.jpeg,def_front,0,defective,val
cast_def_0_1053.jpeg,def_front,0,defective,val
cast_def_0_1087.jpeg,def_front,0,defective,val
cast_def_0_1115.jpeg,def_front,0,defective,val
cast_def_0_1155.jpeg,def_front,0,defective,val
cast_def_0_1226.jpeg,def_front,0,defective,val
cast_def_0_1359.jpeg,def_front,0,defective,val
cast_def_0_146.jpeg,def_front,0,defective,val
cast_def_0_1495.jpeg,def_front,0,defective,val
cast_def_0_1794.jpeg,def_front,0,defective,val
cast_def_0_1817.jpeg,def_front,0,defective,val
cast_def_0_1831.jpeg,def_front,0,defective,val
cast_def_0_2022.jpeg,def_front,0,defective,val
cast_def_0_2358.jpeg,def_front,0,defective,val
cast_def_0_2483.jpeg,def_front,0,defective,val
cast_def_0_255.jpeg,def_front,0,defective,val
cast_def_0_2892.jpeg,def_front,0,defective,val
cast_def_0_2937.jpeg,def_front,0,defective,val
cast_def_0_33.jpeg,def_front,0,defective,val
cast_def_0_337.jpeg,def_front,0,defective,val
cast_def_0_3434.jpeg,def_front,0,defective,val
cast_def_0_3460.jpeg,def_front,0,defective,val
cast_def_0_3480.jpeg,def_front,0,defective,val
cast_def_0_3565.jpeg,def_front,0,defective,val
cast_def_0_360.jpeg,def_front,0,defective,val
cast_def_0_361.jpeg,def_front,0,defective,val
cast_def_0_369.jpeg,def_front,0,defective,val
cast_def_0_383.jpeg,def_front,0,defective,val
cast_def_0_3869.jpeg,def_front,0,defective,val
cast_def_0_3916.jpeg,def_front,0,defective,val
cast_def_0_3992.jpeg,def_front,0,defective,val
cast_def_0_4228.jpeg,def_front,0,defective,val
cast_def_0_4394.jpeg,def_front,0,defective,val
cast_def_0_4453.jpeg,def_front,0,defective,val
cast_def_0_4671.jpeg,def_front,0,defective,val
cast_def_0_4787.jpeg,def_front,0,defective,val
cast_def_0_4865.jpeg,def_front,0,defective,val
cast_def_0_4904.jpeg,def_front,0,defective,val
cast_def_0_5001.jpeg,def_front,0,defective,val
cast_def_0_5014.jpeg,def_front,0,defective,val
cast_def_0_5061.jpeg,def_front,0,defective,val
cast_def_0_5185.jpeg,def_front,0,defective,val
cast_def_0_5241.jpeg,def_front,0,defective,val
cast_def_0_5480.jpeg,def_front,0,defective,val
cast_def_0_566.jpeg,def_front,0,defective,val
cast_def_0_5767.jpeg,def_front,0,defective,val
cast_def_0_5838.jpeg,def_front,0,defective,val
cast_def_0_588.jpeg,def_front,0,defective,val
cast_def_0_5933.jpeg,def_front,0,defective,val
cast_def_0_6062.jpeg,def_front,0,defective,val
cast_def_0_608.jpeg,def_front,0,defective,val
cast_def_0_619.jpeg,def_front,0,defective,val
cast_def_0_6874.jpeg,def_front,0,defective,val
cast_def_0_7040.jpeg,def_front,0,defective,val
cast_def_0_7074.jpeg,def_front,0,defective,val
cast_def_0_7110.jpeg,def_front,0,defective,val
cast_def_0_7468.jpeg,def_front,0,defective,val
cast_def_0_7510.jpeg,def_front,0,defective,val
cast_def_0_7521.jpeg,def_front,0,defective,val
cast_def_0_7554.jpeg,def_front,0,defective,val
cast_def_0_7556.jpeg,def_front,0,defective,val
cast_def_0_7581.jpeg,def_front,0,defective,val
cast_def_0_79.jpeg,def_front,0,defective,val
cast_def_0_7923.jpeg,def_front,0,defective,val
cast_def_0_8045.jpeg,def_front,0,defective,val
cast_def_0_8049.jpeg,def_front,0,defective,val
cast_def_0_8067.jpeg,def_front,0,defective,val
cast_def_0_808.jpeg,def_front,0,defective,val
cast_def_0_8278.jpeg,def_front,0,defective,val
cast_def_0_854.jpeg,def_front,0,defective,val
cast_def_0_8822.jpeg,def_front,0,defective,val
cast_def_0_8867.jpeg,def_front,0,defective,val
cast_def_0_8948.jpeg,def_front,0,defective,val
cast_def_0_9139.jpeg,def_front,0,defective,val
cast_def_0_9262.jpeg,def_front,0,defective,val
cast_def_0_9378.jpeg,def_front,0,defective,val
cast_def_0_9453.jpeg,def_front,0,defective,val
cast_def_0_9615.jpeg,def_front,0,defective,val
cast_ok_0_1344.jpeg,ok_front,1,non_defective,val
cast_ok_0_1392.jpeg,ok_front,1,non_defective,val
cast_ok_0_1755.jpeg,ok_front,1,non_defective,val
cast_ok_0_1825.jpeg,ok_front,1,non_defective,val
cast_ok_0_1963.jpeg,ok_front,1,non_defective,val
cast_ok_0_2054.jpeg,ok_front,1,non_defective,val
cast_ok_0_2060.jpeg,ok_front,1,non_defective,val
cast_ok_0_2138.jpeg,ok_front,1,non_defective,val
cast_ok_0_2301.jpeg,ok_front,1,non_defective,val
cast_ok_0_2394.jpeg,ok_front,1,non_defective,val
cast_ok_0_277.jpeg,ok_front,1,non_defective,val
cast_ok_0_2781.jpeg,ok_front,1,non_defective,val
cast_ok_0_2997.jpeg,ok_front,1,non_defective,val
cast_ok_0_312.jpeg,ok_front,1,non_defective,val
cast_ok_0_3186.jpeg,ok_front,1,non_defective,val
cast_ok_0_3199.jpeg,ok_front,1,non_defective,val
cast_ok_0_3214.jpeg,ok_front,1,non_defective,val
cast_ok_0_3304.jpeg,ok_front,1,non_defective,val
cast_ok_0_3870.jpeg,ok_front,1,non_defective,val
cast_ok_0_3906.jpeg,ok_front,1,non_defective,val
cast_ok_0_3966.jpeg,ok_front,1,non_defective,val
cast_ok_0_4405.jpeg,ok_front,1,non_defective,val
cast_ok_0_4432.jpeg,ok_front,1,non_defective,val
cast_ok_0_4496.jpeg,ok_front,1,non_defective,val
cast_ok_0_5045.jpeg,ok_front,1,non_defective,val
cast_ok_0_5077.jpeg,ok_front,1,non_defective,val
cast_ok_0_5141.jpeg,ok_front,1,non_defective,val
cast_ok_0_5181.jpeg,ok_front,1,non_defective,val
cast_ok_0_5191.jpeg,ok_front,1,non_defective,val
cast_ok_0_5268.jpeg,ok_front,1,non_defective,val
cast_ok_0_5327.jpeg,ok_front,1,non_defective,val
cast_ok_0_5370.jpeg,ok_front,1,non_defective,val
cast_ok_0_5576.jpeg,ok_front,1,non_defective,val
cast_ok_0_5588.jpeg,ok_front,1,non_defective,val
cast_ok_0_5738.jpeg,ok_front,1,non_defective,val
cast_ok_0_6236.jpeg,ok_front,1,non_defective,val
cast_ok_0_6537.jpeg,ok_front,1,non_defective,val
cast_ok_0_6738.jpeg,ok_front,1,non_defective,val
cast_ok_0_6765.jpeg,ok_front,1,non_defective,val
cast_ok_0_6773.jpeg,ok_front,1,non_defective,val
cast_ok_0_7206.jpeg,ok_front,1,non_defective,val
cast_ok_0_7523.jpeg,ok_front,1,non_defective,val
cast_ok_0_7568.jpeg,ok_front,1,non_defective,val
cast_ok_0_7642.jpeg,ok_front,1,non_defective,val
cast_ok_0_7720.jpeg,ok_front,1,non_defective,val
cast_ok_0_821.jpeg,ok_front,1,non_defective,val
cast_ok_0_8284.jpeg,ok_front,1,non_defective,val
cast_ok_0_8646.jpeg,ok_front,1,non_defective,val
cast_ok_0_8751.jpeg,ok_front,1,non_defective,val
cast_ok_0_9260.jpeg,ok_front,1,non_defective,val
cast_ok_0_9516.jpeg,ok_front,1,non_defective,val
cast_ok_0_9536.jpeg,ok_front,1,non_defective,val
